Planet ID,Planet Name,Site Name,All Elements,Deposit Data,Found At
"29","Titania","Q(40,21)","Cl;He;Hf;Kr;Li;U","{""Cl"":{""qty"":8979,""size"":""huge""},""Hf"":{""qty"":5798,""size"":""large""},""He"":{""qty"":778,""size"":""small""},""Kr"":{""qty"":8255,""size"":""huge""},""Li"":{""qty"":2347,""size"":""medium""},""U"":{""qty"":5428,""size"":""large""}}","2026-03-08T20:22:34.498Z"
"24","Europa","Q(7,4)","C;K;No;O;Rb;Si","{""C"":{""qty"":5669,""size"":""large""},""No"":{""qty"":5624,""size"":""large""},""O"":{""qty"":2292,""size"":""medium""},""K"":{""qty"":2122,""size"":""medium""},""Rb"":{""qty"":5642,""size"":""large""},""Si"":{""qty"":4767,""size"":""large""}}","2026-03-08T20:22:34.506Z"
"18","Ceres","Q(28,17)","Be;Bi;Rb;Ru","{""Be"":{""qty"":411,""size"":""small""},""Bi"":{""qty"":554,""size"":""small""},""Rb"":{""qty"":2313,""size"":""large""},""Ru"":{""qty"":925,""size"":""medium""}}","2026-03-08T20:22:35.290Z"
"18","Ceres","Q(29,19)","Ag;Al;Cr;Gd;Os;Pb","{""Al"":{""qty"":830,""size"":""medium""},""Cr"":{""qty"":2593,""size"":""large""},""Gd"":{""qty"":2636,""size"":""large""},""Pb"":{""qty"":564,""size"":""small""},""Os"":{""qty"":654,""size"":""medium""},""Ag"":{""qty"":449,""size"":""small""}}","2026-03-08T20:22:35.290Z"
"18","Ceres","Q(30,19)","H;Hf;Te;V;Zr","{""Hf"":{""qty"":679,""size"":""medium""},""H"":{""qty"":859,""size"":""medium""},""Te"":{""qty"":5157,""size"":""huge""},""V"":{""qty"":862,""size"":""medium""},""Zr"":{""qty"":540,""size"":""small""}}","2026-03-08T20:22:35.290Z"
"18","Ceres","Q(31,19)","Bi;Kr;Tc;Yb","{""Bi"":{""qty"":552,""size"":""small""},""Kr"":{""qty"":2273,""size"":""large""},""Tc"":{""qty"":767,""size"":""medium""},""Yb"":{""qty"":62,""size"":""medium""}}","2026-03-08T20:22:35.290Z"
"18","Ceres","Q(31,20)","Al;Ga;Hf;Ni;Rb;Sb","{""Al"":{""qty"":500,""size"":""small""},""Sb"":{""qty"":925,""size"":""medium""},""Ga"":{""qty"":722,""size"":""medium""},""Hf"":{""qty"":801,""size"":""medium""},""Ni"":{""qty"":2224,""size"":""large""},""Rb"":{""qty"":2449,""size"":""large""}}","2026-03-08T20:22:35.290Z"
"18","Ceres","Q(32,16)","Np;Pb;Yb","{""Pb"":{""qty"":598,""size"":""small""},""Np"":{""qty"":5559,""size"":""huge""},""Yb"":{""qty"":1187,""size"":""huge""}}","2026-03-08T20:22:35.290Z"
"18","Ceres","Q(32,19)","Ca;Na;Ni;S;Sn","{""Ca"":{""qty"":471,""size"":""small""},""Ni"":{""qty"":460,""size"":""small""},""Na"":{""qty"":428,""size"":""small""},""S"":{""qty"":2944,""size"":""large""},""Sn"":{""qty"":596,""size"":""small""}}","2026-03-08T20:22:35.290Z"
"18","Ceres","Q(32,20)","Al;Fe;Mg;Ni","{""Al"":{""qty"":836,""size"":""medium""},""Fe"":{""qty"":4573,""size"":""huge""},""Mg"":{""qty"":4156,""size"":""huge""},""Ni"":{""qty"":578,""size"":""small""}}","2026-03-08T20:22:35.290Z"
"18","Ceres","Q(34,17)","Cr;He;Pb;TI","{""Cr"":{""qty"":429,""size"":""small""},""He"":{""qty"":2847,""size"":""large""},""Pb"":{""qty"":2862,""size"":""large""},""TI"":{""qty"":769,""size"":""medium""}}","2026-03-08T20:22:35.290Z"
"18","Ceres","Q(34,18)","Cu;Hf;Lr;Mg;Nb;Sb","{""Sb"":{""qty"":669,""size"":""medium""},""Cu"":{""qty"":5889,""size"":""huge""},""Hf"":{""qty"":2105,""size"":""large""},""Lr"":{""qty"":2911,""size"":""large""},""Mg"":{""qty"":5569,""size"":""huge""},""Nb"":{""qty"":944,""size"":""medium""}}","2026-03-08T20:22:35.290Z"
"18","Ceres","Q(34,19)","Cl;Hg;Li;Mg;Zn","","2026-03-08T20:22:35.290Z"
"18","Ceres","Q(34,20)","Cu;Mn;Ni;Ru;S","{""Cu"":{""qty"":856,""size"":""medium""},""Mn"":{""qty"":474,""size"":""small""},""Ni"":{""qty"":4205,""size"":""huge""},""Ru"":{""qty"":483,""size"":""small""},""S"":{""qty"":2560,""size"":""large""}}","2026-03-08T20:22:35.290Z"
"18","Ceres","Q(34,21)","Hg;In;K;Li;Ni","{""In"":{""qty"":578,""size"":""small""},""Li"":{""qty"":2973,""size"":""large""},""Hg"":{""qty"":2453,""size"":""large""},""Ni"":{""qty"":5069,""size"":""huge""},""K"":{""qty"":5720,""size"":""huge""}}","2026-03-08T20:22:35.290Z"
"18","Ceres","Q(35,19)","As;Ir;Ne;W","{""As"":{""qty"":2425,""size"":""large""},""Ir"":{""qty"":4063,""size"":""huge""},""Ne"":{""qty"":672,""size"":""medium""},""W"":{""qty"":2192,""size"":""large""}}","2026-03-08T20:22:35.290Z"
"18","Ceres","Q(35,20)","At;Ba;Ca;Er;Sb","{""Sb"":{""qty"":567,""size"":""small""},""At"":{""qty"":2054,""size"":""large""},""Ba"":{""qty"":891,""size"":""medium""},""Ca"":{""qty"":412,""size"":""small""},""Er"":{""qty"":728,""size"":""medium""}}","2026-03-08T20:22:35.290Z"
"18","Ceres","Q(35,21)","B;Fe;Mg;W","{""B"":{""qty"":734,""size"":""medium""},""Fe"":{""qty"":725,""size"":""medium""},""Mg"":{""qty"":2502,""size"":""large""},""W"":{""qty"":451,""size"":""small""}}","2026-03-08T20:22:35.290Z"
"18","Ceres","Q(36,18)","Cd;Co;Hf;Pb;Pr","{""Cd"":{""qty"":555,""size"":""small""},""Co"":{""qty"":866,""size"":""medium""},""Hf"":{""qty"":2968,""size"":""large""},""Pb"":{""qty"":2252,""size"":""large""},""Pr"":{""qty"":2182,""size"":""large""}}","2026-03-08T20:22:35.290Z"
"18","Ceres","Q(36,19)","B;Bi;Ga;Mn;Rn","{""Bi"":{""qty"":576,""size"":""small""},""B"":{""qty"":501,""size"":""small""},""Ga"":{""qty"":894,""size"":""medium""},""Mn"":{""qty"":574,""size"":""small""},""Rn"":{""qty"":4828,""size"":""huge""}}","2026-03-08T20:22:35.290Z"
"18","Ceres","Q(36,20)","B;Ca;Es;Xe","{""B"":{""qty"":563,""size"":""small""},""Ca"":{""qty"":2282,""size"":""large""},""Es"":{""qty"":1778,""size"":""large""},""Xe"":{""qty"":757,""size"":""medium""}}","2026-03-08T20:22:35.290Z"
"18","Ceres","Q(36,21)","Br;He;Mn;Tm","{""Br"":{""qty"":2673,""size"":""large""},""He"":{""qty"":2353,""size"":""large""},""Mn"":{""qty"":512,""size"":""small""},""Tm"":{""qty"":5821,""size"":""huge""}}","2026-03-08T20:22:35.290Z"
"18","Ceres","Q(39,21)","Bh;Ca;F;P","{""Bh"":{""qty"":807,""size"":""medium""},""Ca"":{""qty"":571,""size"":""small""},""F"":{""qty"":2799,""size"":""large""},""P"":{""qty"":2556,""size"":""large""}}","2026-03-08T20:22:35.290Z"
"18","Ceres","Q(41,18)","Ca;Hf;I;O;Os;Si","{""Ca"":{""qty"":541,""size"":""small""},""Hf"":{""qty"":690,""size"":""medium""},""I"":{""qty"":5034,""size"":""huge""},""Os"":{""qty"":2617,""size"":""large""},""O"":{""qty"":2170,""size"":""large""},""Si"":{""qty"":534,""size"":""small""}}","2026-03-08T20:22:35.290Z"
"18","Ceres","Q(42,18)","B;Br;Na;Nb;Sr","","2026-03-08T20:22:35.290Z"
"18","Ceres","Q(43,15)","He;Hf;Po;Ru","{""Hf"":{""qty"":2848,""size"":""large""},""He"":{""qty"":2225,""size"":""large""},""Po"":{""qty"":692,""size"":""medium""},""Ru"":{""qty"":812,""size"":""medium""}}","2026-03-08T20:22:35.290Z"
"18","Ceres","Q(44,15)","Cf;Kr;N;Se;Sn","{""Cf"":{""qty"":2496,""size"":""large""},""Kr"":{""qty"":917,""size"":""medium""},""N"":{""qty"":441,""size"":""small""},""Se"":{""qty"":938,""size"":""medium""},""Sn"":{""qty"":782,""size"":""medium""}}","2026-03-08T20:22:35.290Z"
"22","Moon","Q(0,0)","B;Be;C;F","{""Be"":{""qty"":7637,""size"":""huge""},""B"":{""qty"":8000,""size"":""huge""},""C"":{""qty"":7901,""size"":""huge""},""F"":{""qty"":8000,""size"":""huge""}}","2026-03-08T20:22:35.291Z"
"22","Moon","Q(0,1)","Pd;Tc;W","{""Pd"":{""qty"":2032,""size"":""medium""},""Tc"":{""qty"":1760,""size"":""medium""},""W"":{""qty"":647,""size"":""small""}}","2026-03-08T20:22:35.291Z"
"22","Moon","Q(0,3)","Ag;Si;W","{""Si"":{""qty"":749,""size"":""small""},""Ag"":{""qty"":4317,""size"":""large""},""W"":{""qty"":841,""size"":""small""}}","2026-03-08T20:22:35.291Z"
"22","Moon","Q(0,4)","Be;Bi;Sc","{""Be"":{""qty"":680,""size"":""small""},""Bi"":{""qty"":10414,""size"":""huge""},""Sc"":{""qty"":5226,""size"":""large""}}","2026-03-08T20:22:35.291Z"
"22","Moon","Q(0,12)","K;N","{""N"":{""qty"":11006,""size"":""huge""},""K"":{""qty"":1912,""size"":""medium""}}","2026-03-08T20:22:35.291Z"
"22","Moon","Q(0,20)","Cr;Fe;TI","{""Cr"":{""qty"":2260,""size"":""medium""},""Fe"":{""qty"":957,""size"":""small""},""TI"":{""qty"":2099,""size"":""medium""}}","2026-03-08T20:22:35.291Z"
"22","Moon","Q(0,22)","Ne","{""Ne"":{""qty"":5460,""size"":""large""}}","2026-03-08T20:22:35.291Z"
"22","Moon","Q(0,26)","Ge;Ni;Te","{""Ge"":{""qty"":2199,""size"":""medium""},""Ni"":{""qty"":942,""size"":""small""},""Te"":{""qty"":2328,""size"":""medium""}}","2026-03-08T20:22:35.291Z"
"22","Moon","Q(0,28)","Cs","{""Cs"":{""qty"":0,""size"":""large""}}","2026-03-08T20:22:35.291Z"
"22","Moon","Q(0,36)","Al;Nb;Si","{""Al"":{""qty"":921,""size"":""small""},""Nb"":{""qty"":1779,""size"":""medium""},""Si"":{""qty"":770,""size"":""small""}}","2026-03-08T20:22:35.291Z"
"22","Moon","Q(0,37)","Cd;N;Na","{""Cd"":{""qty"":1731,""size"":""medium""},""N"":{""qty"":1848,""size"":""medium""},""Na"":{""qty"":1645,""size"":""medium""}}","2026-03-08T20:22:35.291Z"
"22","Moon","Q(0,40)","Cr;Es","{""Cr"":{""qty"":2294,""size"":""medium""},""Es"":{""qty"":0,""size"":""medium""}}","2026-03-08T20:22:35.291Z"
"22","Moon","Q(0,43)","Mo;Rh;Sb","{""Sb"":{""qty"":865,""size"":""small""},""Mo"":{""qty"":913,""size"":""small""},""Rh"":{""qty"":3064,""size"":""large""}}","2026-03-08T20:22:35.291Z"
"22","Moon","Q(0,47)","Ag;Fe","{""Fe"":{""qty"":2359,""size"":""medium""},""Ag"":{""qty"":861,""size"":""small""}}","2026-03-08T20:22:35.291Z"
"22","Moon","Q(0,55)","Mo;Pd","{""Mo"":{""qty"":2215,""size"":""medium""},""Pd"":{""qty"":2243,""size"":""medium""}}","2026-03-08T20:22:35.291Z"
"22","Moon","Q(0,56)","Ca;Cd;Ge;Ni","{""Cd"":{""qty"":890,""size"":""small""},""Ca"":{""qty"":1869,""size"":""medium""},""Ge"":{""qty"":923,""size"":""small""},""Ni"":{""qty"":2013,""size"":""medium""}}","2026-03-08T20:22:35.291Z"
"22","Moon","Q(0,57)","Cl;N","{""Cl"":{""qty"":903,""size"":""small""},""N"":{""qty"":5054,""size"":""large""}}","2026-03-08T20:22:35.291Z"
"22","Moon","Q(0,58)","Cu;Mg","{""Cu"":{""qty"":643,""size"":""small""},""Mg"":{""qty"":2081,""size"":""medium""}}","2026-03-08T20:22:35.291Z"
"22","Moon","Q(0,59)","Au;Pb","{""Au"":{""qty"":60,""size"":""medium""},""Pb"":{""qty"":890,""size"":""small""}}","2026-03-08T20:22:35.291Z"
"22","Moon","Q(0,60)","Cu;He","{""Cu"":{""qty"":1829,""size"":""medium""},""He"":{""qty"":2237,""size"":""medium""}}","2026-03-08T20:22:35.291Z"
"22","Moon","Q(0,61)","Cd;Na","{""Cd"":{""qty"":5058,""size"":""large""},""Na"":{""qty"":956,""size"":""small""}}","2026-03-08T20:22:35.291Z"
"22","Moon","Q(0,62)","Ar;Ge;Mo;Sb","{""Sb"":{""qty"":777,""size"":""small""},""Ar"":{""qty"":842,""size"":""small""},""Ge"":{""qty"":2275,""size"":""medium""},""Mo"":{""qty"":709,""size"":""small""}}","2026-03-08T20:22:35.291Z"
"22","Moon","Q(0,66)","Cl;Hf","{""Cl"":{""qty"":795,""size"":""small""},""Hf"":{""qty"":2250,""size"":""medium""}}","2026-03-08T20:22:35.291Z"
"22","Moon","Q(0,67)","Cm","{""Cm"":{""qty"":0,""size"":""medium""}}","2026-03-08T20:22:35.291Z"
"22","Moon","Q(0,81)","Mn;Rh;Sn","{""Mn"":{""qty"":2303,""size"":""medium""},""Rh"":{""qty"":5811,""size"":""large""},""Sn"":{""qty"":886,""size"":""small""}}","2026-03-08T20:22:35.291Z"
"22","Moon","Q(0,95)","Ar;O","{""Ar"":{""qty"":5551,""size"":""large""},""O"":{""qty"":740,""size"":""small""}}","2026-03-08T20:22:35.291Z"
"22","Moon","Q(1,0)","Cd","{""Cd"":{""qty"":812,""size"":""small""}}","2026-03-08T20:22:35.291Z"
"22","Moon","Q(1,1)","In;Se","{""In"":{""qty"":698,""size"":""small""},""Se"":{""qty"":2034,""size"":""medium""}}","2026-03-08T20:22:35.291Z"
"22","Moon","Q(1,2)","Ge;Mn","{""Ge"":{""qty"":1889,""size"":""medium""},""Mn"":{""qty"":2150,""size"":""medium""}}","2026-03-08T20:22:35.291Z"
"22","Moon","Q(1,6)","Ne","{""Ne"":{""qty"":2029,""size"":""medium""}}","2026-03-08T20:22:35.291Z"
"22","Moon","Q(1,11)","Fe;He","{""He"":{""qty"":11022,""size"":""huge""},""Fe"":{""qty"":2370,""size"":""medium""}}","2026-03-08T20:22:35.291Z"
"22","Moon","Q(1,14)","Ca;Hf","{""Ca"":{""qty"":739,""size"":""small""},""Hf"":{""qty"":8267,""size"":""huge""}}","2026-03-08T20:22:35.291Z"
"22","Moon","Q(1,16)","B","{""B"":{""qty"":920,""size"":""small""}}","2026-03-08T20:22:35.291Z"
"22","Moon","Q(2,0)","Ca;Fe","{""Ca"":{""qty"":5037,""size"":""large""},""Fe"":{""qty"":840,""size"":""small""}}","2026-03-08T20:22:35.291Z"
"22","Moon","Q(2,2)","Cu;In;Tl","{""Cu"":{""qty"":2264,""size"":""medium""},""In"":{""qty"":781,""size"":""small""},""Tl"":{""qty"":4185,""size"":""large""}}","2026-03-08T20:22:35.291Z"
"22","Moon","Q(2,3)","Nb;Sb","{""Sb"":{""qty"":1966,""size"":""medium""},""Nb"":{""qty"":10837,""size"":""huge""}}","2026-03-08T20:22:35.291Z"
"22","Moon","Q(2,17)","H","{""H"":{""qty"":2006,""size"":""medium""}}","2026-03-08T20:22:35.291Z"
"22","Moon","Q(3,0)","Au;Pd;Th","{""Au"":{""qty"":28,""size"":""huge""},""Pd"":{""qty"":1941,""size"":""medium""},""Th"":{""qty"":0,""size"":""large""}}","2026-03-08T20:22:35.291Z"
"22","Moon","Q(6,5)","C;Ir;La","{""C"":{""qty"":3807,""size"":""large""},""Ir"":{""qty"":5935,""size"":""large""},""La"":{""qty"":2033,""size"":""medium""}}","2026-03-08T20:22:35.291Z"
"22","Moon","Q(7,0)","Cl;He;Mn;W","{""Cl"":{""qty"":4682,""size"":""large""},""He"":{""qty"":773,""size"":""small""},""Mn"":{""qty"":2025,""size"":""medium""},""W"":{""qty"":4374,""size"":""large""}}","2026-03-08T20:22:35.291Z"
"22","Moon","Q(7,5)","Be;Fe","{""Be"":{""qty"":10249,""size"":""huge""},""Fe"":{""qty"":682,""size"":""small""}}","2026-03-08T20:22:35.291Z"
"22","Moon","Q(8,0)","In;Ir;Mn;Nd","{""In"":{""qty"":1998,""size"":""medium""},""Ir"":{""qty"":2032,""size"":""medium""},""Mn"":{""qty"":880,""size"":""small""},""Nd"":{""qty"":1721,""size"":""medium""}}","2026-03-08T20:22:35.291Z"
"22","Moon","Q(9,0)","Sb","{""Sb"":{""qty"":10977,""size"":""huge""}}","2026-03-08T20:22:35.291Z"
"22","Moon","Q(9,47)","Li;Rn","{""Li"":{""qty"":939,""size"":""small""},""Rn"":{""qty"":1981,""size"":""medium""}}","2026-03-08T20:22:35.291Z"
"22","Moon","Q(9,48)","Cl;Mo;Tl;W","{""Cl"":{""qty"":898,""size"":""small""},""Mo"":{""qty"":845,""size"":""small""},""Tl"":{""qty"":2184,""size"":""medium""},""W"":{""qty"":719,""size"":""small""}}","2026-03-08T20:22:35.291Z"
"22","Moon","Q(11,9)","O","{""O"":{""qty"":761,""size"":""small""}}","2026-03-08T20:22:35.291Z"
"22","Moon","Q(11,10)","S;Sr","{""Sr"":{""qty"":5256,""size"":""large""},""S"":{""qty"":4105,""size"":""large""}}","2026-03-08T20:22:35.291Z"
"22","Moon","Q(11,46)","Mg;Sc","{""Mg"":{""qty"":722,""size"":""small""},""Sc"":{""qty"":2139,""size"":""medium""}}","2026-03-08T20:22:35.291Z"
"22","Moon","Q(12,13)","Ba;N;Sn","{""Ba"":{""qty"":8949,""size"":""huge""},""N"":{""qty"":2261,""size"":""medium""},""Sn"":{""qty"":857,""size"":""small""}}","2026-03-08T20:22:35.291Z"
"22","Moon","Q(12,33)","Gd;Sb;W","{""Sb"":{""qty"":847,""size"":""small""},""Gd"":{""qty"":4528,""size"":""large""},""W"":{""qty"":10944,""size"":""huge""}}","2026-03-08T20:22:35.291Z"
"22","Moon","Q(12,34)","H","{""H"":{""qty"":5437,""size"":""large""}}","2026-03-08T20:22:35.291Z"
"22","Moon","Q(12,35)","Co;I","{""Co"":{""qty"":947,""size"":""small""},""I"":{""qty"":2362,""size"":""medium""}}","2026-03-08T20:22:35.291Z"
"22","Moon","Q(12,36)","Sn","{""Sn"":{""qty"":811,""size"":""small""}}","2026-03-08T20:22:35.291Z"
"22","Moon","Q(12,37)","Fe;Mn;Ru","{""Fe"":{""qty"":5155,""size"":""large""},""Mn"":{""qty"":1863,""size"":""medium""},""Ru"":{""qty"":2084,""size"":""medium""}}","2026-03-08T20:22:35.291Z"
"22","Moon","Q(13,36)","Pb","{""Pb"":{""qty"":782,""size"":""small""}}","2026-03-08T20:22:35.291Z"
"22","Moon","Q(13,37)","K","{""K"":{""qty"":672,""size"":""small""}}","2026-03-08T20:22:35.291Z"
"22","Moon","Q(14,47)","C;TI","{""C"":{""qty"":5092,""size"":""large""},""TI"":{""qty"":1984,""size"":""medium""}}","2026-03-08T20:22:35.291Z"
"22","Moon","Q(14,48)","Cs","{""Cs"":{""qty"":0,""size"":""medium""}}","2026-03-08T20:22:35.291Z"
"22","Moon","Q(17,68)","Ni;TI","{""Ni"":{""qty"":619,""size"":""small""},""TI"":{""qty"":11126,""size"":""huge""}}","2026-03-08T20:22:35.291Z"
"22","Moon","Q(18,43)","Ag;H","{""H"":{""qty"":682,""size"":""small""},""Ag"":{""qty"":11083,""size"":""huge""}}","2026-03-08T20:22:35.291Z"
"22","Moon","Q(18,44)","Al;K;Tm","{""Al"":{""qty"":925,""size"":""small""},""K"":{""qty"":2169,""size"":""medium""},""Tm"":{""qty"":1908,""size"":""medium""}}","2026-03-08T20:22:35.291Z"
"22","Moon","Q(19,35)","Te;W","{""Te"":{""qty"":3585,""size"":""large""},""W"":{""qty"":2217,""size"":""medium""}}","2026-03-08T20:22:35.291Z"
"22","Moon","Q(19,41)","Ag;B","{""B"":{""qty"":5113,""size"":""large""},""Ag"":{""qty"":865,""size"":""small""}}","2026-03-08T20:22:35.291Z"
"22","Moon","Q(19,43)","S","{""S"":{""qty"":957,""size"":""small""}}","2026-03-08T20:22:35.291Z"
"22","Moon","Q(20,37)","Ar","{""Ar"":{""qty"":2228,""size"":""medium""}}","2026-03-08T20:22:35.291Z"
"22","Moon","Q(20,40)","Tl","{""Tl"":{""qty"":2155,""size"":""medium""}}","2026-03-08T20:22:35.291Z"
"22","Moon","Q(20,42)","Pu","{""Pu"":{""qty"":39,""size"":""large""}}","2026-03-08T20:22:35.291Z"
"22","Moon","Q(20,44)","B;TI;V","{""B"":{""qty"":9847,""size"":""huge""},""TI"":{""qty"":2292,""size"":""medium""},""V"":{""qty"":5016,""size"":""large""}}","2026-03-08T20:22:35.291Z"
"22","Moon","Q(21,44)","In","{""In"":{""qty"":905,""size"":""small""}}","2026-03-08T20:22:35.291Z"
"22","Moon","Q(23,43)","Ca;Co;He","{""Ca"":{""qty"":5827,""size"":""large""},""Co"":{""qty"":5943,""size"":""large""},""He"":{""qty"":887,""size"":""small""}}","2026-03-08T20:22:35.291Z"
"22","Moon","Q(23,44)","Ga","{""Ga"":{""qty"":1610,""size"":""medium""}}","2026-03-08T20:22:35.291Z"
"22","Moon","Q(24,37)","F;S","{""F"":{""qty"":1771,""size"":""medium""},""S"":{""qty"":9718,""size"":""huge""}}","2026-03-08T20:22:35.291Z"
"22","Moon","Q(24,41)","Bi;Cu;Tl;Zn","{""Bi"":{""qty"":897,""size"":""small""},""Cu"":{""qty"":804,""size"":""small""},""Tl"":{""qty"":4446,""size"":""large""},""Zn"":{""qty"":5844,""size"":""large""}}","2026-03-08T20:22:35.291Z"
"22","Moon","Q(24,43)","Al;Ar;Hf;W","{""Al"":{""qty"":2314,""size"":""medium""},""Ar"":{""qty"":5066,""size"":""large""},""Hf"":{""qty"":2239,""size"":""medium""},""W"":{""qty"":2200,""size"":""medium""}}","2026-03-08T20:22:35.291Z"
"22","Moon","Q(24,64)","Si","{""Si"":{""qty"":1687,""size"":""medium""}}","2026-03-08T20:22:35.291Z"
"22","Moon","Q(25,39)","W","{""W"":{""qty"":2385,""size"":""medium""}}","2026-03-08T20:22:35.291Z"
"22","Moon","Q(25,40)","Er;Si","{""Er"":{""qty"":1824,""size"":""medium""},""Si"":{""qty"":5792,""size"":""large""}}","2026-03-08T20:22:35.291Z"
"22","Moon","Q(30,49)","V","{""V"":{""qty"":1987,""size"":""medium""}}","2026-03-08T20:22:35.291Z"
"22","Moon","Q(30,50)","In;W","{""In"":{""qty"":1609,""size"":""medium""},""W"":{""qty"":5388,""size"":""large""}}","2026-03-08T20:22:35.291Z"
"22","Moon","Q(30,51)","Ag;Ne;Ni","{""Ne"":{""qty"":1924,""size"":""medium""},""Ni"":{""qty"":11120,""size"":""huge""},""Ag"":{""qty"":0,""size"":""small""}}","2026-03-08T20:22:35.291Z"
"22","Moon","Q(30,52)","B;P","{""B"":{""qty"":1760,""size"":""medium""},""P"":{""qty"":2387,""size"":""medium""}}","2026-03-08T20:22:35.291Z"
"22","Moon","Q(30,56)","Ca;Mn","{""Ca"":{""qty"":5797,""size"":""large""},""Mn"":{""qty"":922,""size"":""small""}}","2026-03-08T20:22:35.291Z"
"22","Moon","Q(31,48)","Cr","{""Cr"":{""qty"":4006,""size"":""large""}}","2026-03-08T20:22:35.291Z"
"22","Moon","Q(31,49)","F;Pb","{""F"":{""qty"":929,""size"":""small""},""Pb"":{""qty"":686,""size"":""small""}}","2026-03-08T20:22:35.291Z"
"22","Moon","Q(31,50)","Cr;O;W","{""Cr"":{""qty"":4076,""size"":""large""},""O"":{""qty"":2149,""size"":""medium""},""W"":{""qty"":2087,""size"":""medium""}}","2026-03-08T20:22:35.291Z"
"22","Moon","Q(31,51)","Cl;Zn","{""Cl"":{""qty"":710,""size"":""small""},""Zn"":{""qty"":1665,""size"":""medium""}}","2026-03-08T20:22:35.291Z"
"22","Moon","Q(31,52)","B;Mg","{""B"":{""qty"":5813,""size"":""large""},""Mg"":{""qty"":1815,""size"":""medium""}}","2026-03-08T20:22:35.291Z"
"22","Moon","Q(32,33)","S","{""S"":{""qty"":871,""size"":""small""}}","2026-03-08T20:22:35.291Z"
"22","Moon","Q(32,34)","Au;Tl","{""Au"":{""qty"":19,""size"":""large""},""Tl"":{""qty"":1774,""size"":""medium""}}","2026-03-08T20:22:35.291Z"
"22","Moon","Q(32,47)","In;Tl","{""In"":{""qty"":10667,""size"":""huge""},""Tl"":{""qty"":1796,""size"":""medium""}}","2026-03-08T20:22:35.291Z"
"22","Moon","Q(32,49)","Ir;Se","{""Ir"":{""qty"":5838,""size"":""large""},""Se"":{""qty"":4971,""size"":""large""}}","2026-03-08T20:22:35.291Z"
"22","Moon","Q(32,50)","Sb","{""Sb"":{""qty"":4062,""size"":""large""}}","2026-03-08T20:22:35.291Z"
"22","Moon","Q(32,51)","Ra;S;Sc","{""Ra"":{""qty"":1638,""size"":""medium""},""Sc"":{""qty"":11370,""size"":""huge""},""S"":{""qty"":5821,""size"":""large""}}","2026-03-08T20:22:35.291Z"
"22","Moon","Q(32,52)","Ag;Mn;Si","{""Mn"":{""qty"":2038,""size"":""medium""},""Si"":{""qty"":2026,""size"":""medium""},""Ag"":{""qty"":0,""size"":""small""}}","2026-03-08T20:22:35.291Z"
"22","Moon","Q(33,32)","Cl;Na","{""Cl"":{""qty"":8090,""size"":""huge""},""Na"":{""qty"":158,""size"":""small""}}","2026-03-08T20:22:35.291Z"
"22","Moon","Q(33,33)","Fe;Ne","{""Fe"":{""qty"":238,""size"":""large""},""Ne"":{""qty"":0,""size"":""small""}}","2026-03-08T20:22:35.291Z"
"22","Moon","Q(33,34)","Ga;In;Y","{""Ga"":{""qty"":664,""size"":""small""},""In"":{""qty"":528,""size"":""small""},""Y"":{""qty"":0,""size"":""large""}}","2026-03-08T20:22:35.291Z"
"22","Moon","Q(33,51)","Ag;Ni","{""Ni"":{""qty"":5123,""size"":""large""},""Ag"":{""qty"":38,""size"":""medium""}}","2026-03-08T20:22:35.291Z"
"22","Moon","Q(33,52)","As;Ba;Na;Os","{""As"":{""qty"":2300,""size"":""medium""},""Ba"":{""qty"":506,""size"":""small""},""Os"":{""qty"":4524,""size"":""large""},""Na"":{""qty"":3799,""size"":""large""}}","2026-03-08T20:22:35.291Z"
"22","Moon","Q(33,53)","Cl;S","{""Cl"":{""qty"":2349,""size"":""medium""},""S"":{""qty"":857,""size"":""small""}}","2026-03-08T20:22:35.291Z"
"22","Moon","Q(34,33)","B;Mo;Ni","{""B"":{""qty"":886,""size"":""small""},""Mo"":{""qty"":8540,""size"":""huge""},""Ni"":{""qty"":943,""size"":""small""}}","2026-03-08T20:22:35.291Z"
"22","Moon","Q(34,34)","Ca","{""Ca"":{""qty"":8619,""size"":""huge""}}","2026-03-08T20:22:35.291Z"
"22","Moon","Q(34,54)","Ag;I","{""I"":{""qty"":1669,""size"":""medium""},""Ag"":{""qty"":991,""size"":""medium""}}","2026-03-08T20:22:35.291Z"
"22","Moon","Q(35,32)","C;Tb","{""C"":{""qty"":4017,""size"":""large""},""Tb"":{""qty"":2448,""size"":""large""}}","2026-03-08T20:22:35.291Z"
"22","Moon","Q(35,34)","Ag;Be;N","{""Be"":{""qty"":1609,""size"":""medium""},""N"":{""qty"":2265,""size"":""medium""},""Ag"":{""qty"":30,""size"":""medium""}}","2026-03-08T20:22:35.291Z"
"22","Moon","Q(35,36)","Sb","{""Sb"":{""qty"":859,""size"":""small""}}","2026-03-08T20:22:35.291Z"
"22","Moon","Q(36,36)","Ne","{""Ne"":{""qty"":5717,""size"":""large""}}","2026-03-08T20:22:35.291Z"
"22","Moon","Q(38,40)","As;C;Ge;Tl","{""As"":{""qty"":9958,""size"":""huge""},""C"":{""qty"":818,""size"":""small""},""Ge"":{""qty"":805,""size"":""small""},""Tl"":{""qty"":791,""size"":""small""}}","2026-03-08T20:22:35.291Z"
"22","Moon","Q(38,49)","Mo;Sr","{""Mo"":{""qty"":2195,""size"":""medium""},""Sr"":{""qty"":685,""size"":""small""}}","2026-03-08T20:22:35.291Z"
"22","Moon","Q(39,36)","Ni;O;Sb","{""Sb"":{""qty"":814,""size"":""small""},""Ni"":{""qty"":9725,""size"":""huge""},""O"":{""qty"":698,""size"":""small""}}","2026-03-08T20:22:35.291Z"
"22","Moon","Q(39,40)","He;Hg;Ho","{""He"":{""qty"":716,""size"":""small""},""Ho"":{""qty"":0,""size"":""huge""},""Hg"":{""qty"":8865,""size"":""huge""}}","2026-03-08T20:22:35.291Z"
"22","Moon","Q(39,41)","Ca;Cd;Na","{""Cd"":{""qty"":734,""size"":""small""},""Ca"":{""qty"":840,""size"":""small""},""Na"":{""qty"":4665,""size"":""large""}}","2026-03-08T20:22:35.291Z"
"22","Moon","Q(39,42)","Al;Cu","{""Al"":{""qty"":783,""size"":""small""},""Cu"":{""qty"":769,""size"":""small""}}","2026-03-08T20:22:35.291Z"
"22","Moon","Q(39,43)","Na;Pb","{""Pb"":{""qty"":4572,""size"":""large""},""Na"":{""qty"":5416,""size"":""large""}}","2026-03-08T20:22:35.291Z"
"22","Moon","Q(39,63)","B;Os","{""B"":{""qty"":844,""size"":""small""},""Os"":{""qty"":2150,""size"":""medium""}}","2026-03-08T20:22:35.291Z"
"22","Moon","Q(40,38)","Np;Ru;S","{""Np"":{""qty"":0,""size"":""medium""},""Ru"":{""qty"":1465,""size"":""medium""},""S"":{""qty"":10171,""size"":""huge""}}","2026-03-08T20:22:35.291Z"
"22","Moon","Q(40,39)","Cd;Fe","{""Cd"":{""qty"":4877,""size"":""large""},""Fe"":{""qty"":4296,""size"":""large""}}","2026-03-08T20:22:35.291Z"
"22","Moon","Q(40,40)","Ag;Mg;Sr","{""Mg"":{""qty"":4925,""size"":""large""},""Ag"":{""qty"":3500,""size"":""large""},""Sr"":{""qty"":2237,""size"":""medium""}}","2026-03-08T20:22:35.291Z"
"22","Moon","Q(40,41)","Cr;Fe;Rb","{""Cr"":{""qty"":5938,""size"":""large""},""Fe"":{""qty"":1749,""size"":""medium""},""Rb"":{""qty"":2330,""size"":""medium""}}","2026-03-08T20:22:35.291Z"
"22","Moon","Q(40,44)","Ho","{""Ho"":{""qty"":23,""size"":""medium""}}","2026-03-08T20:22:35.291Z"
"22","Moon","Q(40,57)","Nb","{""Nb"":{""qty"":1619,""size"":""medium""}}","2026-03-08T20:22:35.291Z"
"22","Moon","Q(40,60)","K;Sn;Xe","{""K"":{""qty"":1952,""size"":""medium""},""Sn"":{""qty"":751,""size"":""small""},""Xe"":{""qty"":4710,""size"":""large""}}","2026-03-08T20:22:35.291Z"
"22","Moon","Q(40,66)","Cu;Gd","{""Cu"":{""qty"":4706,""size"":""large""},""Gd"":{""qty"":2332,""size"":""medium""}}","2026-03-08T20:22:35.291Z"
"22","Moon","Q(41,40)","As;Ca;Cd;N","{""As"":{""qty"":719,""size"":""small""},""Cd"":{""qty"":2136,""size"":""medium""},""Ca"":{""qty"":8362,""size"":""huge""},""N"":{""qty"":650,""size"":""small""}}","2026-03-08T20:22:35.291Z"
"22","Moon","Q(41,41)","C;Ra","{""C"":{""qty"":911,""size"":""small""},""Ra"":{""qty"":5379,""size"":""large""}}","2026-03-08T20:22:35.291Z"
"22","Moon","Q(41,42)","As;Au;Cr","{""As"":{""qty"":738,""size"":""small""},""Cr"":{""qty"":4225,""size"":""large""},""Au"":{""qty"":-62,""size"":""small""}}","2026-03-08T20:22:35.291Z"
"22","Moon","Q(41,57)","Hg;Mn","{""Mn"":{""qty"":834,""size"":""small""},""Hg"":{""qty"":5027,""size"":""large""}}","2026-03-08T20:22:35.291Z"
"22","Moon","Q(41,65)","Tm","{""Tm"":{""qty"":1885,""size"":""medium""}}","2026-03-08T20:22:35.291Z"
"22","Moon","Q(42,57)","Zn","{""Zn"":{""qty"":5905,""size"":""large""}}","2026-03-08T20:22:35.291Z"
"22","Moon","Q(42,58)","Ac;Fe","{""Ac"":{""qty"":9298,""size"":""huge""},""Fe"":{""qty"":5018,""size"":""large""}}","2026-03-08T20:22:35.291Z"
"22","Moon","Q(42,59)","Rf;Sb","{""Sb"":{""qty"":1665,""size"":""medium""},""Rf"":{""qty"":0,""size"":""large""}}","2026-03-08T20:22:35.291Z"
"22","Moon","Q(42,60)","Cu;P;Pb","{""Cu"":{""qty"":5174,""size"":""large""},""Pb"":{""qty"":536,""size"":""small""},""P"":{""qty"":2318,""size"":""medium""}}","2026-03-08T20:22:35.291Z"
"22","Moon","Q(42,61)","Zn","{""Zn"":{""qty"":5805,""size"":""large""}}","2026-03-08T20:22:35.291Z"
"22","Moon","Q(42,62)","Ga;O","{""Ga"":{""qty"":1823,""size"":""medium""},""O"":{""qty"":905,""size"":""small""}}","2026-03-08T20:22:35.291Z"
"22","Moon","Q(42,65)","As;Sb","{""Sb"":{""qty"":1879,""size"":""medium""},""As"":{""qty"":733,""size"":""small""}}","2026-03-08T20:22:35.291Z"
"22","Moon","Q(43,59)","Cs;Os","{""Cs"":{""qty"":64,""size"":""large""},""Os"":{""qty"":5116,""size"":""large""}}","2026-03-08T20:22:35.291Z"
"22","Moon","Q(43,63)","C;Ne;Pm","{""C"":{""qty"":712,""size"":""small""},""Ne"":{""qty"":884,""size"":""small""},""Pm"":{""qty"":0,""size"":""large""}}","2026-03-08T20:22:35.291Z"
"22","Moon","Q(43,65)","Tm","{""Tm"":{""qty"":5284,""size"":""large""}}","2026-03-08T20:22:35.291Z"
"22","Moon","Q(44,58)","C","{""C"":{""qty"":4669,""size"":""large""}}","2026-03-08T20:22:35.291Z"
"22","Moon","Q(44,62)","Co;Zn","{""Co"":{""qty"":849,""size"":""small""},""Zn"":{""qty"":2045,""size"":""medium""}}","2026-03-08T20:22:35.291Z"
"22","Moon","Q(44,63)","Ag;Au;Rn","{""Au"":{""qty"":0,""size"":""medium""},""Rn"":{""qty"":11728,""size"":""huge""},""Ag"":{""qty"":1775,""size"":""medium""}}","2026-03-08T20:22:35.291Z"
"22","Moon","Q(44,64)","Ca;Co","{""Ca"":{""qty"":959,""size"":""small""},""Co"":{""qty"":783,""size"":""small""}}","2026-03-08T20:22:35.291Z"
"22","Moon","Q(44,68)","Na;O;Pm","{""O"":{""qty"":959,""size"":""small""},""Pm"":{""qty"":0,""size"":""medium""},""Na"":{""qty"":952,""size"":""small""}}","2026-03-08T20:22:35.291Z"
"22","Moon","Q(45,58)","Cr;Li;Na","{""Cr"":{""qty"":873,""size"":""small""},""Li"":{""qty"":10651,""size"":""huge""},""Na"":{""qty"":739,""size"":""small""}}","2026-03-08T20:22:35.291Z"
"22","Moon","Q(45,64)","Ar;B","{""Ar"":{""qty"":4748,""size"":""large""},""B"":{""qty"":11729,""size"":""huge""}}","2026-03-08T20:22:35.291Z"
"22","Moon","Q(45,65)","Kr;S","{""Kr"":{""qty"":4443,""size"":""large""},""S"":{""qty"":751,""size"":""small""}}","2026-03-08T20:22:35.291Z"
"22","Moon","Q(45,66)","B;Be","{""Be"":{""qty"":722,""size"":""small""},""B"":{""qty"":812,""size"":""small""}}","2026-03-08T20:22:35.291Z"
"22","Moon","Q(45,67)","Bk","{""Bk"":{""qty"":0,""size"":""medium""}}","2026-03-08T20:22:35.291Z"
"22","Moon","Q(46,33)","Cu;K","{""Cu"":{""qty"":869,""size"":""small""},""K"":{""qty"":1609,""size"":""medium""}}","2026-03-08T20:22:35.291Z"
"22","Moon","Q(46,55)","Ra;Sc","{""Ra"":{""qty"":2310,""size"":""medium""},""Sc"":{""qty"":5202,""size"":""large""}}","2026-03-08T20:22:35.291Z"
"22","Moon","Q(46,57)","O;Rh;S","{""O"":{""qty"":5128,""size"":""large""},""Rh"":{""qty"":1980,""size"":""medium""},""S"":{""qty"":670,""size"":""small""}}","2026-03-08T20:22:35.291Z"
"22","Moon","Q(46,63)","Au;Mo","{""Au"":{""qty"":9517,""size"":""huge""},""Mo"":{""qty"":780,""size"":""small""}}","2026-03-08T20:22:35.291Z"
"22","Moon","Q(46,66)","As;Sn;TI","{""As"":{""qty"":2383,""size"":""medium""},""Sn"":{""qty"":5498,""size"":""large""},""TI"":{""qty"":2095,""size"":""medium""}}","2026-03-08T20:22:35.291Z"
"22","Moon","Q(46,67)","Co;Tb","{""Co"":{""qty"":1988,""size"":""medium""},""Tb"":{""qty"":1912,""size"":""medium""}}","2026-03-08T20:22:35.291Z"
"22","Moon","Q(46,68)","Sn","{""Sn"":{""qty"":727,""size"":""small""}}","2026-03-08T20:22:35.291Z"
"22","Moon","Q(46,69)","Bi","{""Bi"":{""qty"":947,""size"":""small""}}","2026-03-08T20:22:35.291Z"
"22","Moon","Q(47,52)","K;Si","{""K"":{""qty"":2107,""size"":""medium""},""Si"":{""qty"":1706,""size"":""medium""}}","2026-03-08T20:22:35.291Z"
"22","Moon","Q(47,58)","Mg","{""Mg"":{""qty"":4997,""size"":""large""}}","2026-03-08T20:22:35.291Z"
"22","Moon","Q(47,63)","In","{""In"":{""qty"":719,""size"":""small""}}","2026-03-08T20:22:35.291Z"
"22","Moon","Q(47,64)","Bk;Ge;O","{""Bk"":{""qty"":0,""size"":""huge""},""Ge"":{""qty"":1650,""size"":""medium""},""O"":{""qty"":781,""size"":""small""}}","2026-03-08T20:22:35.291Z"
"22","Moon","Q(47,65)","Bi;Cr;Sb","{""Sb"":{""qty"":1852,""size"":""medium""},""Bi"":{""qty"":1951,""size"":""medium""},""Cr"":{""qty"":4233,""size"":""large""}}","2026-03-08T20:22:35.291Z"
"22","Moon","Q(47,66)","Re","{""Re"":{""qty"":5196,""size"":""large""}}","2026-03-08T20:22:35.291Z"
"22","Moon","Q(50,20)","Co;Hf;Po","{""Co"":{""qty"":549,""size"":""small""},""Hf"":{""qty"":1701,""size"":""medium""},""Po"":{""qty"":3,""size"":""medium""}}","2026-03-08T20:22:35.291Z"
"22","Moon","Q(50,32)","Al;Cl","{""Al"":{""qty"":791,""size"":""small""},""Cl"":{""qty"":858,""size"":""small""}}","2026-03-08T20:22:35.291Z"
"22","Moon","Q(50,51)","Bk;Cd;V","{""Bk"":{""qty"":0,""size"":""large""},""Cd"":{""qty"":5631,""size"":""large""},""V"":{""qty"":933,""size"":""small""}}","2026-03-08T20:22:35.291Z"
"22","Moon","Q(50,53)","Ar","{""Ar"":{""qty"":5770,""size"":""large""}}","2026-03-08T20:22:35.291Z"
"22","Moon","Q(51,50)","At;S","{""At"":{""qty"":130,""size"":""large""},""S"":{""qty"":1905,""size"":""medium""}}","2026-03-08T20:22:35.291Z"
"22","Moon","Q(51,51)","Be;Rh","{""Be"":{""qty"":376,""size"":""small""},""Rh"":{""qty"":90,""size"":""medium""}}","2026-03-08T20:22:35.291Z"
"22","Moon","Q(51,80)","Be;In;Yb","{""Be"":{""qty"":2384,""size"":""medium""},""In"":{""qty"":663,""size"":""small""},""Yb"":{""qty"":0,""size"":""huge""}}","2026-03-08T20:22:35.291Z"
"22","Moon","Q(51,81)","Ag;C","{""C"":{""qty"":2179,""size"":""medium""},""Ag"":{""qty"":8255,""size"":""huge""}}","2026-03-08T20:22:35.291Z"
"22","Moon","Q(51,82)","Ga;Li","{""Ga"":{""qty"":5458,""size"":""large""},""Li"":{""qty"":4544,""size"":""large""}}","2026-03-08T20:22:35.291Z"
"22","Moon","Q(52,34)","Ge;Hg;Ne","{""Ge"":{""qty"":2191,""size"":""medium""},""Hg"":{""qty"":1638,""size"":""medium""},""Ne"":{""qty"":470,""size"":""small""}}","2026-03-08T20:22:35.291Z"
"22","Moon","Q(52,48)","Cl;Rb","{""Cl"":{""qty"":2140,""size"":""medium""},""Rb"":{""qty"":1617,""size"":""medium""}}","2026-03-08T20:22:35.291Z"
"22","Moon","Q(53,34)","Au;Er;Xe","{""Er"":{""qty"":5754,""size"":""large""},""Au"":{""qty"":33,""size"":""large""},""Xe"":{""qty"":2138,""size"":""medium""}}","2026-03-08T20:22:35.291Z"
"22","Moon","Q(53,35)","He;Na","{""He"":{""qty"":1634,""size"":""medium""},""Na"":{""qty"":8028,""size"":""huge""}}","2026-03-08T20:22:35.291Z"
"22","Moon","Q(55,46)","Al;Fe;Hf","{""Al"":{""qty"":705,""size"":""small""},""Hf"":{""qty"":1650,""size"":""medium""},""Fe"":{""qty"":2368,""size"":""medium""}}","2026-03-08T20:22:35.291Z"
"22","Moon","Q(56,56)","Al;Li;Ru","{""Al"":{""qty"":885,""size"":""small""},""Li"":{""qty"":2398,""size"":""medium""},""Ru"":{""qty"":721,""size"":""small""}}","2026-03-08T20:22:35.291Z"
"22","Moon","Q(57,47)","B","{""B"":{""qty"":10356,""size"":""huge""}}","2026-03-08T20:22:35.291Z"
"22","Moon","Q(58,59)","Cd;Ga","{""Cd"":{""qty"":1820,""size"":""medium""},""Ga"":{""qty"":9363,""size"":""huge""}}","2026-03-08T20:22:35.291Z"
"22","Moon","Q(62,30)","Ca;He","{""Ca"":{""qty"":4003,""size"":""large""},""He"":{""qty"":959,""size"":""small""}}","2026-03-08T20:22:35.291Z"
"22","Moon","Q(63,30)","As;He;Na","{""As"":{""qty"":5505,""size"":""large""},""He"":{""qty"":5571,""size"":""large""},""Na"":{""qty"":932,""size"":""small""}}","2026-03-08T20:22:35.291Z"
"22","Moon","Q(64,76)","B","{""B"":{""qty"":725,""size"":""small""}}","2026-03-08T20:22:35.291Z"
"22","Moon","Q(65,45)","C;O","{""C"":{""qty"":837,""size"":""small""},""O"":{""qty"":864,""size"":""small""}}","2026-03-08T20:22:35.291Z"
"22","Moon","Q(67,67)","Co;Sg","{""Co"":{""qty"":54,""size"":""small""},""Sg"":{""qty"":4338,""size"":""large""}}","2026-03-08T20:22:35.291Z"
"22","Moon","Q(67,70)","Sr","{""Sr"":{""qty"":5717,""size"":""large""}}","2026-03-08T20:22:35.291Z"
"22","Moon","Q(67,72)","Cs;Ge","{""Cs"":{""qty"":0,""size"":""medium""},""Ge"":{""qty"":347,""size"":""small""}}","2026-03-08T20:22:35.291Z"
"22","Moon","Q(69,69)","Mg;Mn;Ne","{""Mg"":{""qty"":5546,""size"":""large""},""Mn"":{""qty"":778,""size"":""small""},""Ne"":{""qty"":3480,""size"":""large""}}","2026-03-08T20:22:35.291Z"
"22","Moon","Q(77,69)","K;Mo;Rf","{""Mo"":{""qty"":1750,""size"":""medium""},""K"":{""qty"":959,""size"":""small""},""Rf"":{""qty"":0,""size"":""huge""}}","2026-03-08T20:22:35.291Z"
"22","Moon","Q(84,34)","Fe;O","{""Fe"":{""qty"":648,""size"":""small""},""O"":{""qty"":2056,""size"":""medium""}}","2026-03-08T20:22:35.291Z"
"22","Moon","Q(85,76)","Al;Zn","{""Al"":{""qty"":8998,""size"":""huge""},""Zn"":{""qty"":569,""size"":""small""}}","2026-03-08T20:22:35.291Z"
"22","Moon","Q(87,76)","Mn;N;Pd","{""Mn"":{""qty"":801,""size"":""small""},""N"":{""qty"":857,""size"":""small""},""Pd"":{""qty"":1980,""size"":""medium""}}","2026-03-08T20:22:35.291Z"
"22","Moon","Q(90,89)","Ar","{""Ar"":{""qty"":2084,""size"":""medium""}}","2026-03-08T20:22:35.291Z"
"22","Moon","Q(95,67)","Cu;Po","{""Cu"":{""qty"":1651,""size"":""medium""},""Po"":{""qty"":152,""size"":""medium""}}","2026-03-08T20:22:35.291Z"
"22","Moon","Q(95,68)","Th;W;Zn","{""Th"":{""qty"":0,""size"":""large""},""W"":{""qty"":10788,""size"":""huge""},""Zn"":{""qty"":552,""size"":""small""}}","2026-03-08T20:22:35.291Z"
"22","Moon","Q(95,69)","Ge;H;Rb","{""Ge"":{""qty"":1916,""size"":""medium""},""H"":{""qty"":1922,""size"":""medium""},""Rb"":{""qty"":1724,""size"":""medium""}}","2026-03-08T20:22:35.291Z"
"22","Moon","Q(95,71)","Pb","{""Pb"":{""qty"":958,""size"":""small""}}","2026-03-08T20:22:35.291Z"
"22","Moon","Q(96,71)","Yb","{""Yb"":{""qty"":0,""size"":""huge""}}","2026-03-08T20:22:35.291Z"
"22","Moon","Q(96,73)","Sr","{""Sr"":{""qty"":2062,""size"":""medium""}}","2026-03-08T20:22:35.291Z"
"22","Moon","Q(96,74)","Co;S;Si","{""Co"":{""qty"":4504,""size"":""large""},""Si"":{""qty"":9778,""size"":""huge""},""S"":{""qty"":4528,""size"":""large""}}","2026-03-08T20:22:35.291Z"
"22","Moon","Q(100,0)","N;Sb;Tc;Th","{""Sb"":{""qty"":842,""size"":""small""},""N"":{""qty"":11237,""size"":""huge""},""Tc"":{""qty"":2160,""size"":""medium""},""Th"":{""qty"":0,""size"":""large""}}","2026-03-08T20:22:35.291Z"
"22","Moon","Q(101,0)","Ba;Se","{""Ba"":{""qty"":2279,""size"":""medium""},""Se"":{""qty"":4646,""size"":""large""}}","2026-03-08T20:22:35.291Z"
"22","Moon","Q(101,99)","B;Cu","{""B"":{""qty"":2155,""size"":""medium""},""Cu"":{""qty"":4154,""size"":""large""}}","2026-03-08T20:22:35.291Z"
"22","Moon","Q(101,103)","Bi","{""Bi"":{""qty"":4028,""size"":""large""}}","2026-03-08T20:22:35.291Z"
"22","Moon","Q(102,0)","Ar;Bi","{""Ar"":{""qty"":11467,""size"":""huge""},""Bi"":{""qty"":835,""size"":""small""}}","2026-03-08T20:22:35.291Z"
"22","Moon","Q(102,103)","Cl;N;Tl;W","{""Cl"":{""qty"":2109,""size"":""medium""},""N"":{""qty"":2198,""size"":""medium""},""Tl"":{""qty"":2324,""size"":""medium""},""W"":{""qty"":684,""size"":""small""}}","2026-03-08T20:22:35.291Z"
"22","Moon","Q(103,105)","Gd;Li","{""Gd"":{""qty"":2390,""size"":""medium""},""Li"":{""qty"":2178,""size"":""medium""}}","2026-03-08T20:22:35.291Z"
"22","Moon","Q(103,106)","Ag;Cr;F;Xe","{""Cr"":{""qty"":8491,""size"":""huge""},""F"":{""qty"":1815,""size"":""medium""},""Ag"":{""qty"":2000,""size"":""medium""},""Xe"":{""qty"":4972,""size"":""large""}}","2026-03-08T20:22:35.291Z"
"22","Moon","Q(104,2)","In;Ne","{""In"":{""qty"":925,""size"":""small""},""Ne"":{""qty"":4057,""size"":""large""}}","2026-03-08T20:22:35.291Z"
"22","Moon","Q(104,103)","K;Li;Os","{""Li"":{""qty"":862,""size"":""small""},""Os"":{""qty"":4332,""size"":""large""},""K"":{""qty"":5278,""size"":""large""}}","2026-03-08T20:22:35.291Z"
"22","Moon","Q(104,107)","Bi;Tl","{""Bi"":{""qty"":4874,""size"":""large""},""Tl"":{""qty"":798,""size"":""small""}}","2026-03-08T20:22:35.291Z"
"22","Moon","Q(105,101)","Cd;Cl;Ge","{""Cd"":{""qty"":776,""size"":""small""},""Cl"":{""qty"":712,""size"":""small""},""Ge"":{""qty"":935,""size"":""small""}}","2026-03-08T20:22:35.291Z"
"22","Moon","Q(105,103)","At;Ge;Mo","{""At"":{""qty"":225,""size"":""medium""},""Ge"":{""qty"":5428,""size"":""large""},""Mo"":{""qty"":764,""size"":""small""}}","2026-03-08T20:22:35.291Z"
"22","Moon","Q(105,105)","Br;Fm;Po;TI","{""Br"":{""qty"":5903,""size"":""large""},""Fm"":{""qty"":0,""size"":""huge""},""Po"":{""qty"":350,""size"":""small""},""TI"":{""qty"":5867,""size"":""large""}}","2026-03-08T20:22:35.291Z"
"22","Moon","Q(106,3)","Sb;Zn","{""Sb"":{""qty"":1893,""size"":""medium""},""Zn"":{""qty"":5073,""size"":""large""}}","2026-03-08T20:22:35.291Z"
"22","Moon","Q(106,101)","C","{""C"":{""qty"":704,""size"":""small""}}","2026-03-08T20:22:35.291Z"
"22","Moon","Q(106,102)","Co;N","{""Co"":{""qty"":10265,""size"":""huge""},""N"":{""qty"":2083,""size"":""medium""}}","2026-03-08T20:22:35.291Z"
"22","Moon","Q(107,1)","Am;C","{""Am"":{""qty"":9434,""size"":""huge""},""C"":{""qty"":1650,""size"":""medium""}}","2026-03-08T20:22:35.291Z"
"22","Moon","Q(107,2)","Ba;Ga;He;Ne","{""Ba"":{""qty"":4507,""size"":""large""},""Ga"":{""qty"":2258,""size"":""medium""},""He"":{""qty"":729,""size"":""small""},""Ne"":{""qty"":5796,""size"":""large""}}","2026-03-08T20:22:35.291Z"
"22","Moon","Q(107,5)","Nd","{""Nd"":{""qty"":1854,""size"":""medium""}}","2026-03-08T20:22:35.291Z"
"22","Moon","Q(107,6)","Mn;S","{""Mn"":{""qty"":2230,""size"":""medium""},""S"":{""qty"":2118,""size"":""medium""}}","2026-03-08T20:22:35.291Z"
"22","Moon","Q(107,9)","Ne","{""Ne"":{""qty"":957,""size"":""small""}}","2026-03-08T20:22:35.291Z"
"22","Moon","Q(107,78)","C;W","{""C"":{""qty"":933,""size"":""small""},""W"":{""qty"":915,""size"":""small""}}","2026-03-08T20:22:35.291Z"
"22","Moon","Q(107,79)","Es;I;Ru","{""Es"":{""qty"":0,""size"":""large""},""I"":{""qty"":4807,""size"":""large""},""Ru"":{""qty"":2087,""size"":""medium""}}","2026-03-08T20:22:35.291Z"
"22","Moon","Q(107,80)","He;Sr","{""He"":{""qty"":895,""size"":""small""},""Sr"":{""qty"":1905,""size"":""medium""}}","2026-03-08T20:22:35.291Z"
"22","Moon","Q(107,81)","Mg;Os","{""Mg"":{""qty"":671,""size"":""small""},""Os"":{""qty"":4420,""size"":""large""}}","2026-03-08T20:22:35.291Z"
"22","Moon","Q(107,82)","Cr;Li;Si","{""Cr"":{""qty"":2080,""size"":""medium""},""Li"":{""qty"":1825,""size"":""medium""},""Si"":{""qty"":676,""size"":""small""}}","2026-03-08T20:22:35.291Z"
"22","Moon","Q(107,83)","Eu;Mn;Na","{""Eu"":{""qty"":1642,""size"":""medium""},""Mn"":{""qty"":9777,""size"":""huge""},""Na"":{""qty"":2373,""size"":""medium""}}","2026-03-08T20:22:35.291Z"
"22","Moon","Q(107,84)","Bi;Ge;In;Tc","{""Bi"":{""qty"":5674,""size"":""large""},""Ge"":{""qty"":730,""size"":""small""},""In"":{""qty"":747,""size"":""small""},""Tc"":{""qty"":5149,""size"":""large""}}","2026-03-08T20:22:35.291Z"
"22","Moon","Q(107,85)","Xe","{""Xe"":{""qty"":1869,""size"":""medium""}}","2026-03-08T20:22:35.291Z"
"22","Moon","Q(107,87)","Fe;W","{""Fe"":{""qty"":1898,""size"":""medium""},""W"":{""qty"":890,""size"":""small""}}","2026-03-08T20:22:35.291Z"
"22","Moon","Q(107,88)","Ga","{""Ga"":{""qty"":955,""size"":""small""}}","2026-03-08T20:22:35.291Z"
"22","Moon","Q(107,89)","Es;O;Si","{""Es"":{""qty"":28,""size"":""huge""},""O"":{""qty"":2365,""size"":""medium""},""Si"":{""qty"":4455,""size"":""large""}}","2026-03-08T20:22:35.291Z"
"22","Moon","Q(107,91)","Ga","{""Ga"":{""qty"":1946,""size"":""medium""}}","2026-03-08T20:22:35.291Z"
"22","Moon","Q(107,92)","Bi","{""Bi"":{""qty"":2053,""size"":""medium""}}","2026-03-08T20:22:35.291Z"
"22","Moon","Q(107,95)","Co;S","{""Co"":{""qty"":2015,""size"":""medium""},""S"":{""qty"":1941,""size"":""medium""}}","2026-03-08T20:22:35.291Z"
"22","Moon","Q(107,98)","In;S","{""In"":{""qty"":920,""size"":""small""},""S"":{""qty"":1886,""size"":""medium""}}","2026-03-08T20:22:35.291Z"
"22","Moon","Q(107,99)","Be","{""Be"":{""qty"":774,""size"":""small""}}","2026-03-08T20:22:35.291Z"
"22","Moon","Q(107,102)","K;Mo","{""Mo"":{""qty"":709,""size"":""small""},""K"":{""qty"":8515,""size"":""huge""}}","2026-03-08T20:22:35.291Z"
"22","Moon","Q(107,103)","Br;Hf;Mg","{""Br"":{""qty"":1751,""size"":""medium""},""Hf"":{""qty"":1695,""size"":""medium""},""Mg"":{""qty"":4786,""size"":""large""}}","2026-03-08T20:22:35.291Z"
"22","Moon","Q(107,104)","Bi;S","{""Bi"":{""qty"":1709,""size"":""medium""},""S"":{""qty"":2252,""size"":""medium""}}","2026-03-08T20:22:35.291Z"
"26","Callisto","Q(0,0)","Ag;Au;Cu;Fe;H;He;Hs;Li;TI","{""Cu"":{""qty"":8000,""size"":""huge""},""Au"":{""qty"":8000,""size"":""huge""},""Hs"":{""qty"":8000,""size"":""huge""},""He"":{""qty"":8000,""size"":""huge""},""H"":{""qty"":8000,""size"":""huge""},""Fe"":{""qty"":8000,""size"":""huge""},""Li"":{""qty"":8000,""size"":""huge""},""Ag"":{""qty"":8000,""size"":""huge""},""TI"":{""qty"":8000,""size"":""huge""}}","2026-03-08T20:22:36.859Z"
"21","Eris","Q(50,102)","Mg;Sb;W","{""Sb"":{""qty"":744,""size"":""small""},""Mg"":{""qty"":647,""size"":""small""},""W"":{""qty"":2317,""size"":""medium""}}","2026-03-08T20:22:36.860Z"
"21","Eris","Q(78,69)","Au;Be;O;Tb","{""Be"":{""qty"":5539,""size"":""large""},""Au"":{""qty"":652,""size"":""small""},""O"":{""qty"":903,""size"":""small""},""Tb"":{""qty"":4112,""size"":""large""}}","2026-03-08T20:22:36.860Z"
"21","Eris","Q(78,70)","Ge;H;Pu;S","{""Ge"":{""qty"":4800,""size"":""large""},""H"":{""qty"":730,""size"":""small""},""Pu"":{""qty"":2219,""size"":""medium""},""S"":{""qty"":2274,""size"":""medium""}}","2026-03-08T20:22:36.860Z"
"21","Eris","Q(79,69)","Br;Co;He;Li","{""Br"":{""qty"":4310,""size"":""large""},""Co"":{""qty"":855,""size"":""small""},""He"":{""qty"":2278,""size"":""medium""},""Li"":{""qty"":690,""size"":""small""}}","2026-03-08T20:22:36.860Z"
"21","Eris","Q(79,70)","Bi;H;K;Sc;Tc","{""Bi"":{""qty"":762,""size"":""small""},""H"":{""qty"":1652,""size"":""medium""},""K"":{""qty"":643,""size"":""small""},""Sc"":{""qty"":793,""size"":""small""},""Tc"":{""qty"":2255,""size"":""medium""}}","2026-03-08T20:22:36.860Z"
"28","Enceladus","Q(0,0)","Ag;Au;Cu;Fe;H;He;Hs;Li;TI","{""Cu"":{""qty"":8000,""size"":""huge""},""Au"":{""qty"":8000,""size"":""huge""},""Hs"":{""qty"":8000,""size"":""huge""},""He"":{""qty"":8000,""size"":""huge""},""H"":{""qty"":8000,""size"":""huge""},""Fe"":{""qty"":8000,""size"":""huge""},""Li"":{""qty"":8000,""size"":""huge""},""Ag"":{""qty"":8000,""size"":""huge""},""TI"":{""qty"":8000,""size"":""huge""}}","2026-03-08T20:22:37.726Z"
"28","Enceladus","Q(0,1)","Ag;Am;As;Es;Mo;Sb;W","{""Am"":{""qty"":5434,""size"":""large""},""Sb"":{""qty"":836,""size"":""small""},""As"":{""qty"":831,""size"":""small""},""Es"":{""qty"":5080,""size"":""large""},""Mo"":{""qty"":1760,""size"":""medium""},""Ag"":{""qty"":755,""size"":""small""},""W"":{""qty"":644,""size"":""small""}}","2026-03-08T20:22:37.726Z"
"28","Enceladus","Q(0,2)","Cu;Np","{""Cu"":{""qty"":891,""size"":""small""},""Np"":{""qty"":8058,""size"":""huge""}}","2026-03-08T20:22:37.726Z"
"28","Enceladus","Q(0,3)","Be;C;Gd;Mo;Sb;Si","{""Sb"":{""qty"":871,""size"":""small""},""Be"":{""qty"":2309,""size"":""medium""},""C"":{""qty"":2381,""size"":""medium""},""Gd"":{""qty"":1876,""size"":""medium""},""Mo"":{""qty"":904,""size"":""small""},""Si"":{""qty"":10270,""size"":""huge""}}","2026-03-08T20:22:37.726Z"
"28","Enceladus","Q(0,4)","Ag;Bi;Cd;N;Ne;Pu","{""Bi"":{""qty"":1650,""size"":""medium""},""Cd"":{""qty"":4295,""size"":""large""},""Ne"":{""qty"":9856,""size"":""huge""},""N"":{""qty"":741,""size"":""small""},""Pu"":{""qty"":5650,""size"":""large""},""Ag"":{""qty"":876,""size"":""small""}}","2026-03-08T20:22:37.726Z"
"28","Enceladus","Q(0,5)","Ag;As;TI","{""As"":{""qty"":11389,""size"":""huge""},""Ag"":{""qty"":881,""size"":""small""},""TI"":{""qty"":4750,""size"":""large""}}","2026-03-08T20:22:37.726Z"
"28","Enceladus","Q(1,0)","Am;Mn;Pm","{""Am"":{""qty"":1951,""size"":""medium""},""Mn"":{""qty"":1858,""size"":""medium""},""Pm"":{""qty"":5055,""size"":""large""}}","2026-03-08T20:22:37.726Z"
"28","Enceladus","Q(1,1)","Mn;N;Rb;Se","{""Mn"":{""qty"":930,""size"":""small""},""N"":{""qty"":2293,""size"":""medium""},""Rb"":{""qty"":693,""size"":""small""},""Se"":{""qty"":4926,""size"":""large""}}","2026-03-08T20:22:37.726Z"
"28","Enceladus","Q(1,2)","Bk;Ca;Ga;Sc","{""Bk"":{""qty"":4182,""size"":""large""},""Ca"":{""qty"":5444,""size"":""large""},""Ga"":{""qty"":5991,""size"":""large""},""Sc"":{""qty"":2019,""size"":""medium""}}","2026-03-08T20:22:37.726Z"
"28","Enceladus","Q(1,3)","As;Cl;Sn;Uup","{""As"":{""qty"":8093,""size"":""huge""},""Cl"":{""qty"":873,""size"":""small""},""Sn"":{""qty"":2278,""size"":""medium""},""Uup"":{""qty"":4842,""size"":""large""}}","2026-03-08T20:22:37.726Z"
"28","Enceladus","Q(1,4)","Cu","{""Cu"":{""qty"":4282,""size"":""large""}}","2026-03-08T20:22:37.726Z"
"28","Enceladus","Q(1,5)","B;Ca;Cr","{""B"":{""qty"":1949,""size"":""medium""},""Ca"":{""qty"":1745,""size"":""medium""},""Cr"":{""qty"":693,""size"":""small""}}","2026-03-08T20:22:37.726Z"
"28","Enceladus","Q(2,0)","Cd;Lu;Sb;Tl;Xe","{""Sb"":{""qty"":8006,""size"":""huge""},""Cd"":{""qty"":790,""size"":""small""},""Lu"":{""qty"":8852,""size"":""huge""},""Tl"":{""qty"":2229,""size"":""medium""},""Xe"":{""qty"":4278,""size"":""large""}}","2026-03-08T20:22:37.726Z"
"28","Enceladus","Q(2,1)","Cd;Sg;Zn","{""Cd"":{""qty"":2218,""size"":""medium""},""Sg"":{""qty"":10639,""size"":""huge""},""Zn"":{""qty"":728,""size"":""small""}}","2026-03-08T20:22:37.726Z"
"28","Enceladus","Q(2,2)","Gd;K;Ni;Pb;Rn","{""Gd"":{""qty"":5987,""size"":""large""},""Pb"":{""qty"":902,""size"":""small""},""Ni"":{""qty"":5765,""size"":""large""},""K"":{""qty"":5413,""size"":""large""},""Rn"":{""qty"":11540,""size"":""huge""}}","2026-03-08T20:22:37.726Z"
"28","Enceladus","Q(2,3)","As;Se;Zn;Zr","{""As"":{""qty"":765,""size"":""small""},""Se"":{""qty"":2042,""size"":""medium""},""Zn"":{""qty"":643,""size"":""small""},""Zr"":{""qty"":2267,""size"":""medium""}}","2026-03-08T20:22:37.726Z"
"28","Enceladus","Q(2,4)","Am;Bi;F;In;Mo;Na;Si","{""Am"":{""qty"":5140,""size"":""large""},""Bi"":{""qty"":822,""size"":""small""},""F"":{""qty"":658,""size"":""small""},""In"":{""qty"":653,""size"":""small""},""Mo"":{""qty"":11154,""size"":""huge""},""Si"":{""qty"":5072,""size"":""large""},""Na"":{""qty"":2334,""size"":""medium""}}","2026-03-08T20:22:37.726Z"
"28","Enceladus","Q(2,5)","Br;Ge;In;Tb;Tl","{""Br"":{""qty"":5017,""size"":""large""},""Ge"":{""qty"":2232,""size"":""medium""},""In"":{""qty"":5878,""size"":""large""},""Tb"":{""qty"":5934,""size"":""large""},""Tl"":{""qty"":819,""size"":""small""}}","2026-03-08T20:22:37.726Z"
"28","Enceladus","Q(3,0)","As;H;He;I;Sb;Xe","{""Sb"":{""qty"":780,""size"":""small""},""As"":{""qty"":2054,""size"":""medium""},""He"":{""qty"":1741,""size"":""medium""},""H"":{""qty"":1791,""size"":""medium""},""I"":{""qty"":2132,""size"":""medium""},""Xe"":{""qty"":4210,""size"":""large""}}","2026-03-08T20:22:37.726Z"
"28","Enceladus","Q(3,1)","Db;Pb;Re;Rn;S","{""Db"":{""qty"":4797,""size"":""large""},""Pb"":{""qty"":4762,""size"":""large""},""Rn"":{""qty"":4485,""size"":""large""},""Re"":{""qty"":4717,""size"":""large""},""S"":{""qty"":1721,""size"":""medium""}}","2026-03-08T20:22:37.726Z"
"28","Enceladus","Q(3,5)","Al;Na;S","{""Al"":{""qty"":1985,""size"":""medium""},""Na"":{""qty"":2222,""size"":""medium""},""S"":{""qty"":2122,""size"":""medium""}}","2026-03-08T20:22:37.726Z"
"23","Io","Q(30,26)","Cr;Cu;Ge;Te","{""Cr"":{""qty"":4583,""size"":""large""},""Cu"":{""qty"":4187,""size"":""large""},""Ge"":{""qty"":4685,""size"":""large""},""Te"":{""qty"":4119,""size"":""large""}}","2026-03-08T20:22:38.537Z"
"23","Io","Q(32,25)","Es;K;Mn","{""Es"":{""qty"":5743,""size"":""large""},""Mn"":{""qty"":10821,""size"":""huge""},""K"":{""qty"":802,""size"":""small""}}","2026-03-08T20:22:38.537Z"
"23","Io","Q(54,28)","Al;Cd;Cs;Fe;Lr;W;Zn","{""Al"":{""qty"":4027,""size"":""large""},""Cd"":{""qty"":2295,""size"":""medium""},""Cs"":{""qty"":5960,""size"":""large""},""Fe"":{""qty"":4772,""size"":""large""},""Lr"":{""qty"":9897,""size"":""huge""},""W"":{""qty"":809,""size"":""small""},""Zn"":{""qty"":685,""size"":""small""}}","2026-03-08T20:22:38.537Z"
"23","Io","Q(55,28)","Au;In;K;Pb;S","{""Au"":{""qty"":4728,""size"":""large""},""In"":{""qty"":2189,""size"":""medium""},""Pb"":{""qty"":5302,""size"":""large""},""K"":{""qty"":878,""size"":""small""},""S"":{""qty"":4438,""size"":""large""}}","2026-03-08T20:22:38.537Z"
"23","Io","Q(56,28)","Cu;Er;Ge","{""Cu"":{""qty"":4044,""size"":""large""},""Er"":{""qty"":4429,""size"":""large""},""Ge"":{""qty"":1691,""size"":""medium""}}","2026-03-08T20:22:38.537Z"
"23","Io","Q(62,44)","Be;Pb;S;Sb","{""Sb"":{""qty"":4377,""size"":""large""},""Be"":{""qty"":866,""size"":""small""},""Pb"":{""qty"":803,""size"":""small""},""S"":{""qty"":1994,""size"":""medium""}}","2026-03-08T20:22:38.537Z"
"23","Io","Q(126,65)","Cd;Ir;Lv;Mg;O;U","{""Cd"":{""qty"":770,""size"":""small""},""Ir"":{""qty"":2376,""size"":""medium""},""Lv"":{""qty"":4600,""size"":""large""},""Mg"":{""qty"":2060,""size"":""medium""},""O"":{""qty"":5103,""size"":""large""},""U"":{""qty"":5199,""size"":""large""}}","2026-03-08T20:22:38.537Z"
"9","Mercury","Q(4,37)","Cd;N;W","{""Cd"":{""qty"":424,""size"":""small""},""N"":{""qty"":5840,""size"":""huge""},""W"":{""qty"":362,""size"":""medium""}}","2026-03-08T20:22:41.437Z"
"9","Mercury","Q(19,42)","Bi;K;Mg;O","{""Bi"":{""qty"":2691,""size"":""large""},""Mg"":{""qty"":1080,""size"":""medium""},""O"":{""qty"":2886,""size"":""large""},""K"":{""qty"":1402,""size"":""large""}}","2026-03-08T20:22:41.437Z"
"9","Mercury","Q(19,43)","K;Th","{""K"":{""qty"":325,""size"":""small""},""Th"":{""qty"":99,""size"":""large""}}","2026-03-08T20:22:41.437Z"
"9","Mercury","Q(40,42)","Al;At;K","{""Al"":{""qty"":199,""size"":""small""},""At"":{""qty"":2497,""size"":""large""},""K"":{""qty"":909,""size"":""medium""}}","2026-03-08T20:22:41.437Z"
"9","Mercury","Q(40,43)","Co;Cu;I;Li;Mg","{""Co"":{""qty"":944,""size"":""medium""},""Cu"":{""qty"":435,""size"":""small""},""I"":{""qty"":1015,""size"":""medium""},""Li"":{""qty"":326,""size"":""small""},""Mg"":{""qty"":335,""size"":""small""}}","2026-03-08T20:22:41.437Z"
"9","Mercury","Q(54,3)","Cu;Md;O","{""Cu"":{""qty"":1156,""size"":""medium""},""Md"":{""qty"":1470,""size"":""large""},""O"":{""qty"":391,""size"":""small""}}","2026-03-08T20:22:41.437Z"
"9","Mercury","Q(56,55)","Au;Dy;Ne;Sn;U","{""Dy"":{""qty"":2395,""size"":""large""},""Au"":{""qty"":130,""size"":""small""},""Ne"":{""qty"":2500,""size"":""large""},""Sn"":{""qty"":450,""size"":""small""},""U"":{""qty"":949,""size"":""medium""}}","2026-03-08T20:22:41.437Z"
"9","Mercury","Q(56,56)","Ca;N;Nd;P;Sc","{""Ca"":{""qty"":2615,""size"":""large""},""Nd"":{""qty"":2014,""size"":""large""},""N"":{""qty"":914,""size"":""medium""},""P"":{""qty"":2559,""size"":""large""},""Sc"":{""qty"":1079,""size"":""medium""}}","2026-03-08T20:22:41.437Z"
"9","Mercury","Q(57,51)","Ba;C;Ga;Mn;O;Os","{""Ba"":{""qty"":5727,""size"":""huge""},""C"":{""qty"":4816,""size"":""huge""},""Ga"":{""qty"":1017,""size"":""medium""},""Mn"":{""qty"":869,""size"":""medium""},""Os"":{""qty"":837,""size"":""medium""},""O"":{""qty"":437,""size"":""small""}}","2026-03-08T20:22:41.437Z"
"9","Mercury","Q(57,55)","Co","{""Co"":{""qty"":391,""size"":""small""}}","2026-03-08T20:22:41.437Z"
"9","Mercury","Q(57,56)","Al;In","{""Al"":{""qty"":336,""size"":""small""},""In"":{""qty"":1085,""size"":""medium""}}","2026-03-08T20:22:41.437Z"
"9","Mercury","Q(57,57)","Br;Li","{""Br"":{""qty"":747,""size"":""large""},""Li"":{""qty"":1918,""size"":""large""}}","2026-03-08T20:22:41.437Z"
"9","Mercury","Q(69,69)","K;Mo;Na;O;S","{""Mo"":{""qty"":320,""size"":""small""},""O"":{""qty"":1168,""size"":""medium""},""K"":{""qty"":638,""size"":""medium""},""Na"":{""qty"":543,""size"":""medium""},""S"":{""qty"":826,""size"":""medium""}}","2026-03-08T20:22:41.437Z"
"9","Mercury","Q(73,60)","Ir;Tl","{""Ir"":{""qty"":1164,""size"":""medium""},""Tl"":{""qty"":2046,""size"":""large""}}","2026-03-08T20:22:41.437Z"
"9","Mercury","Q(100,101)","Eu;Ge;Pb","{""Eu"":{""qty"":2381,""size"":""large""},""Ge"":{""qty"":800,""size"":""medium""},""Pb"":{""qty"":867,""size"":""medium""}}","2026-03-08T20:22:41.437Z"
"15","Uranus","Q(0,0)","Ag;Au;Cu;Fe;H;He;Hs;Li;TI","{""Cu"":{""qty"":8000,""size"":""huge""},""Au"":{""qty"":7742,""size"":""huge""},""Hs"":{""qty"":7839,""size"":""huge""},""He"":{""qty"":8000,""size"":""huge""},""H"":{""qty"":8000,""size"":""huge""},""Fe"":{""qty"":8000,""size"":""huge""},""Li"":{""qty"":8000,""size"":""huge""},""Ag"":{""qty"":8000,""size"":""huge""},""TI"":{""qty"":8000,""size"":""huge""}}","2026-03-08T20:22:42.475Z"
"15","Uranus","Q(0,1)","Ag;Am;As;Es;Mo;Sb;W","{""Am"":{""qty"":5434,""size"":""large""},""Sb"":{""qty"":836,""size"":""small""},""As"":{""qty"":831,""size"":""small""},""Es"":{""qty"":5080,""size"":""large""},""Mo"":{""qty"":1760,""size"":""medium""},""Ag"":{""qty"":755,""size"":""small""},""W"":{""qty"":644,""size"":""small""}}","2026-03-08T20:22:42.475Z"
"15","Uranus","Q(0,2)","Cu;Np","{""Cu"":{""qty"":891,""size"":""small""},""Np"":{""qty"":8058,""size"":""huge""}}","2026-03-08T20:22:42.475Z"
"15","Uranus","Q(1,0)","Am;Mn;Pm","{""Am"":{""qty"":1951,""size"":""medium""},""Mn"":{""qty"":1858,""size"":""medium""},""Pm"":{""qty"":4733,""size"":""large""}}","2026-03-08T20:22:42.475Z"
"15","Uranus","Q(1,1)","Mn;N;Rb;Se","{""Mn"":{""qty"":930,""size"":""small""},""N"":{""qty"":1603,""size"":""medium""},""Rb"":{""qty"":693,""size"":""small""},""Se"":{""qty"":4668,""size"":""large""}}","2026-03-08T20:22:42.475Z"
"15","Uranus","Q(2,0)","Cd;Lu;Sb;Tl;Xe","{""Sb"":{""qty"":8006,""size"":""huge""},""Cd"":{""qty"":790,""size"":""small""},""Lu"":{""qty"":8852,""size"":""huge""},""Tl"":{""qty"":2229,""size"":""medium""},""Xe"":{""qty"":4278,""size"":""large""}}","2026-03-08T20:22:42.475Z"
"16","Neptune","Q(235,93)","Ag;Ra","{""Ra"":{""qty"":5242,""size"":""large""},""Ag"":{""qty"":718,""size"":""small""}}","2026-03-08T20:22:43.500Z"
"10","Venus","Q(16,118)","Db","{""Db"":{""qty"":3754,""size"":""medium""}}","2026-03-08T20:22:44.492Z"
"10","Venus","Q(18,118)","Sn;Tl","{""Tl"":{""qty"":11976,""size"":""large""},""Sn"":{""qty"":1583,""size"":""small""}}","2026-03-08T20:22:44.492Z"
"10","Venus","Q(46,33)","Bh;Ni;TI","{""Bh"":{""qty"":3631,""size"":""medium""},""Ni"":{""qty"":10292,""size"":""large""},""TI"":{""qty"":4122,""size"":""medium""}}","2026-03-08T20:22:44.492Z"
"10","Venus","Q(105,60)","Li;Rn;Se","{""Li"":{""qty"":9561,""size"":""large""},""Rn"":{""qty"":3299,""size"":""medium""},""Se"":{""qty"":4372,""size"":""medium""}}","2026-03-08T20:22:44.492Z"
"10","Venus","Q(108,53)","Ac;Co;Na;Os","{""Ac"":{""qty"":10768,""size"":""large""},""Co"":{""qty"":4189,""size"":""medium""},""Os"":{""qty"":1470,""size"":""small""},""Na"":{""qty"":888,""size"":""small""}}","2026-03-08T20:22:44.492Z"
"10","Venus","Q(151,44)","Ba;Cs;K;Po;Sn","{""Ba"":{""qty"":8408,""size"":""large""},""Cs"":{""qty"":89,""size"":""medium""},""Po"":{""qty"":9621,""size"":""large""},""K"":{""qty"":8604,""size"":""large""},""Sn"":{""qty"":3196,""size"":""medium""}}","2026-03-08T20:22:44.492Z"
"10","Venus","Q(151,49)","Po;Re;Se","{""Po"":{""qty"":4137,""size"":""medium""},""Re"":{""qty"":3447,""size"":""medium""},""Se"":{""qty"":3246,""size"":""medium""}}","2026-03-08T20:22:44.492Z"
"10","Venus","Q(155,71)","Co;Cu;F","{""Co"":{""qty"":11166,""size"":""large""},""Cu"":{""qty"":8931,""size"":""large""},""F"":{""qty"":4191,""size"":""medium""}}","2026-03-08T20:22:44.492Z"
"10","Venus","Q(157,45)","Al;Bi;Db;Rh;Sm","{""Al"":{""qty"":14662,""size"":""huge""},""Bi"":{""qty"":1273,""size"":""small""},""Db"":{""qty"":13843,""size"":""huge""},""Rh"":{""qty"":14394,""size"":""huge""},""Sm"":{""qty"":3442,""size"":""medium""}}","2026-03-08T20:22:44.492Z"
"10","Venus","Q(163,48)","Bi;O;Os;Si","{""Bi"":{""qty"":16531,""size"":""huge""},""Os"":{""qty"":3196,""size"":""medium""},""O"":{""qty"":1418,""size"":""small""},""Si"":{""qty"":1448,""size"":""small""}}","2026-03-08T20:22:44.492Z"
"10","Venus","Q(163,49)","Ba;Np","{""Ba"":{""qty"":3512,""size"":""medium""},""Np"":{""qty"":5,""size"":""large""}}","2026-03-08T20:22:44.492Z"
"10","Venus","Q(164,47)","Ge;Pu;Rf","{""Ge"":{""qty"":3909,""size"":""medium""},""Pu"":{""qty"":3320,""size"":""medium""},""Rf"":{""qty"":513,""size"":""medium""}}","2026-03-08T20:22:44.492Z"
"10","Venus","Q(219,93)","Ag;Au;Ge;He","{""Ge"":{""qty"":1357,""size"":""small""},""Au"":{""qty"":1465,""size"":""small""},""He"":{""qty"":15942,""size"":""huge""},""Ag"":{""qty"":11420,""size"":""large""}}","2026-03-08T20:22:44.492Z"
"12","Mars","Q(0,0)","Ar;B;Be;C;F;O","{""Ar"":{""qty"":8000,""size"":""huge""},""Be"":{""qty"":8000,""size"":""huge""},""B"":{""qty"":8000,""size"":""huge""},""C"":{""qty"":8000,""size"":""huge""},""F"":{""qty"":8000,""size"":""huge""},""O"":{""qty"":8000,""size"":""huge""}}","2026-03-08T20:22:44.492Z"
"12","Mars","Q(0,1)","F;Hf;Mn;Mo;Te","{""F"":{""qty"":5416,""size"":""large""},""Hf"":{""qty"":2115,""size"":""medium""},""Mn"":{""qty"":2148,""size"":""medium""},""Mo"":{""qty"":874,""size"":""small""},""Te"":{""qty"":4591,""size"":""large""}}","2026-03-08T20:22:44.492Z"
"12","Mars","Q(50,68)","Cr;Nd","{""Cr"":{""qty"":934,""size"":""small""},""Nd"":{""qty"":1742,""size"":""medium""}}","2026-03-08T20:22:44.492Z"
"12","Mars","Q(50,69)","Be;Es;Mn;O","{""Be"":{""qty"":8177,""size"":""huge""},""Es"":{""qty"":1204,""size"":""large""},""Mn"":{""qty"":915,""size"":""small""},""O"":{""qty"":5799,""size"":""large""}}","2026-03-08T20:22:44.492Z"
"12","Mars","Q(50,70)","Au;Ca;Cr","{""Ca"":{""qty"":5137,""size"":""large""},""Cr"":{""qty"":4333,""size"":""large""},""Au"":{""qty"":1738,""size"":""medium""}}","2026-03-08T20:22:44.492Z"
"12","Mars","Q(50,72)","Ca;Cu;In;Tl","{""Ca"":{""qty"":840,""size"":""small""},""Cu"":{""qty"":1751,""size"":""medium""},""In"":{""qty"":911,""size"":""small""},""Tl"":{""qty"":700,""size"":""small""}}","2026-03-08T20:22:44.492Z"
"12","Mars","Q(50,73)","P","{""P"":{""qty"":665,""size"":""small""}}","2026-03-08T20:22:44.492Z"
"12","Mars","Q(50,76)","F;Hg;Ru;Sm","{""F"":{""qty"":5349,""size"":""large""},""Hg"":{""qty"":10507,""size"":""huge""},""Ru"":{""qty"":5749,""size"":""large""},""Sm"":{""qty"":5555,""size"":""large""}}","2026-03-08T20:22:44.492Z"
"12","Mars","Q(50,77)","Bi;He;Zr","{""Bi"":{""qty"":843,""size"":""small""},""He"":{""qty"":2383,""size"":""medium""},""Zr"":{""qty"":655,""size"":""small""}}","2026-03-08T20:22:44.492Z"
"12","Mars","Q(51,67)","Fe;Lr;Pd","{""Fe"":{""qty"":5025,""size"":""large""},""Lr"":{""qty"":1755,""size"":""large""},""Pd"":{""qty"":9452,""size"":""huge""}}","2026-03-08T20:22:44.492Z"
"12","Mars","Q(51,68)","Bi;Nd;Ne;Zn","{""Bi"":{""qty"":669,""size"":""small""},""Nd"":{""qty"":5745,""size"":""large""},""Ne"":{""qty"":722,""size"":""small""},""Zn"":{""qty"":5648,""size"":""large""}}","2026-03-08T20:22:44.492Z"
"12","Mars","Q(51,70)","Cl;Co;TI","{""Cl"":{""qty"":738,""size"":""small""},""Co"":{""qty"":954,""size"":""small""},""TI"":{""qty"":8911,""size"":""huge""}}","2026-03-08T20:22:44.492Z"
"12","Mars","Q(51,72)","Al;K;Na;O","{""Al"":{""qty"":670,""size"":""small""},""O"":{""qty"":1755,""size"":""medium""},""K"":{""qty"":4335,""size"":""large""},""Na"":{""qty"":8666,""size"":""huge""}}","2026-03-08T20:22:44.492Z"
"12","Mars","Q(51,75)","Mn;Mo","{""Mn"":{""qty"":803,""size"":""small""},""Mo"":{""qty"":565,""size"":""small""}}","2026-03-08T20:22:44.492Z"
"12","Mars","Q(51,76)","Sr;V","{""Sr"":{""qty"":5986,""size"":""large""},""V"":{""qty"":860,""size"":""small""}}","2026-03-08T20:22:44.492Z"
"12","Mars","Q(52,67)","Co;In","{""Co"":{""qty"":882,""size"":""small""},""In"":{""qty"":791,""size"":""small""}}","2026-03-08T20:22:44.492Z"
"12","Mars","Q(52,68)","Bi;S;Sr","{""Bi"":{""qty"":1838,""size"":""medium""},""Sr"":{""qty"":4636,""size"":""large""},""S"":{""qty"":709,""size"":""small""}}","2026-03-08T20:22:44.492Z"
"12","Mars","Q(52,69)","Am;H;Mg;Na;S","{""Am"":{""qty"":2318,""size"":""medium""},""H"":{""qty"":10261,""size"":""huge""},""Mg"":{""qty"":5961,""size"":""large""},""Na"":{""qty"":726,""size"":""small""},""S"":{""qty"":764,""size"":""small""}}","2026-03-08T20:22:44.492Z"
"12","Mars","Q(52,70)","Cu","{""Cu"":{""qty"":670,""size"":""small""}}","2026-03-08T20:22:44.492Z"
"12","Mars","Q(52,71)","Cd;Fe;Re","{""Cd"":{""qty"":2065,""size"":""medium""},""Fe"":{""qty"":1655,""size"":""medium""},""Re"":{""qty"":1852,""size"":""medium""}}","2026-03-08T20:22:44.492Z"
"12","Mars","Q(52,72)","Hf;Xe","{""Hf"":{""qty"":1694,""size"":""medium""},""Xe"":{""qty"":5773,""size"":""large""}}","2026-03-08T20:22:44.492Z"
"12","Mars","Q(52,73)","C;Ca;Sn","{""Ca"":{""qty"":738,""size"":""small""},""C"":{""qty"":926,""size"":""small""},""Sn"":{""qty"":4725,""size"":""large""}}","2026-03-08T20:22:44.492Z"
"12","Mars","Q(52,75)","Al","{""Al"":{""qty"":10995,""size"":""huge""}}","2026-03-08T20:22:44.492Z"
"12","Mars","Q(53,70)","Ne;Zn","{""Ne"":{""qty"":2041,""size"":""medium""},""Zn"":{""qty"":5498,""size"":""large""}}","2026-03-08T20:22:44.492Z"
"12","Mars","Q(53,71)","C;Pb","{""C"":{""qty"":4181,""size"":""large""},""Pb"":{""qty"":1736,""size"":""medium""}}","2026-03-08T20:22:44.492Z"
"12","Mars","Q(53,72)","B;Li;Mn","{""B"":{""qty"":2268,""size"":""medium""},""Li"":{""qty"":2271,""size"":""medium""},""Mn"":{""qty"":732,""size"":""small""}}","2026-03-08T20:22:44.492Z"
"12","Mars","Q(53,73)","K;Mg;Sn","{""Mg"":{""qty"":777,""size"":""small""},""K"":{""qty"":2260,""size"":""medium""},""Sn"":{""qty"":1726,""size"":""medium""}}","2026-03-08T20:22:44.492Z"
"12","Mars","Q(53,74)","C;Cl;Cu","{""C"":{""qty"":1782,""size"":""medium""},""Cl"":{""qty"":1717,""size"":""medium""},""Cu"":{""qty"":1618,""size"":""medium""}}","2026-03-08T20:22:44.492Z"
"12","Mars","Q(53,75)","Al","{""Al"":{""qty"":2275,""size"":""medium""}}","2026-03-08T20:22:44.492Z"
"12","Mars","Q(54,69)","C;Rf","{""C"":{""qty"":4620,""size"":""large""},""Rf"":{""qty"":10520,""size"":""huge""}}","2026-03-08T20:22:44.492Z"
"12","Mars","Q(65,125)","As;In","{""As"":{""qty"":754,""size"":""small""},""In"":{""qty"":668,""size"":""small""}}","2026-03-08T20:22:44.492Z"
"12","Mars","Q(65,126)","Os;Zn","{""Os"":{""qty"":10159,""size"":""huge""},""Zn"":{""qty"":1217,""size"":""medium""}}","2026-03-08T20:22:44.492Z"
"12","Mars","Q(66,124)","As;Ne;Rb;S;Sn","{""As"":{""qty"":1664,""size"":""medium""},""Ne"":{""qty"":1441,""size"":""medium""},""Rb"":{""qty"":2125,""size"":""medium""},""S"":{""qty"":842,""size"":""small""},""Sn"":{""qty"":794,""size"":""small""}}","2026-03-08T20:22:44.492Z"
"12","Mars","Q(66,125)","Cu;Tl;Tm","{""Cu"":{""qty"":2005,""size"":""medium""},""Tl"":{""qty"":4827,""size"":""large""},""Tm"":{""qty"":2162,""size"":""medium""}}","2026-03-08T20:22:44.492Z"
"12","Mars","Q(66,126)","Ga;Se","{""Ga"":{""qty"":1604,""size"":""medium""},""Se"":{""qty"":1658,""size"":""medium""}}","2026-03-08T20:22:44.492Z"
"12","Mars","Q(69,116)","Ag;Gd;N","{""Gd"":{""qty"":5777,""size"":""large""},""N"":{""qty"":5028,""size"":""large""},""Ag"":{""qty"":1288,""size"":""medium""}}","2026-03-08T20:22:44.492Z"
"12","Mars","Q(74,114)","Ca;Np","{""Ca"":{""qty"":10328,""size"":""huge""},""Np"":{""qty"":0,""size"":""huge""}}","2026-03-08T20:22:44.492Z"
"12","Mars","Q(75,99)","As;Be;Nb;O","{""As"":{""qty"":946,""size"":""small""},""Be"":{""qty"":1809,""size"":""medium""},""Nb"":{""qty"":1855,""size"":""medium""},""O"":{""qty"":4488,""size"":""large""}}","2026-03-08T20:22:44.492Z"
"12","Mars","Q(95,45)","As;Cr;Ga;Na;Os","{""As"":{""qty"":848,""size"":""small""},""Cr"":{""qty"":669,""size"":""small""},""Ga"":{""qty"":8797,""size"":""huge""},""Os"":{""qty"":5189,""size"":""large""},""Na"":{""qty"":1825,""size"":""medium""}}","2026-03-08T20:22:44.492Z"
"12","Mars","Q(98,115)","B;Bi;Ga;S;Se;Si","{""Bi"":{""qty"":661,""size"":""small""},""B"":{""qty"":2141,""size"":""medium""},""Ga"":{""qty"":941,""size"":""small""},""Se"":{""qty"":7920,""size"":""huge""},""Si"":{""qty"":850,""size"":""small""},""S"":{""qty"":842,""size"":""small""}}","2026-03-08T20:22:44.492Z"
"12","Mars","Q(99,115)","Cu;N;Zn","{""Cu"":{""qty"":780,""size"":""small""},""N"":{""qty"":917,""size"":""small""},""Zn"":{""qty"":8191,""size"":""huge""}}","2026-03-08T20:22:44.492Z"